{
    "nbounces":8, 
    "rendermode":"phong",
    "camera":
        { 
            "type":"general", 
            "width":1200, 
            "height":800,
            "position":[0.0, 0.75, -0.25],
            "lookAt":[0.0, 0.35, 1.0],
            "upVector":[0.0, 1.0, 0.0],
            "fov":45.0,
            "aperture": 0.1,
            "focusDistance": 1.0,
            "exposure":0.1
        },
    "scene":
        { 
            "backgroundcolor": [0.25, 0.25, 0.25], 
            "lightsources":[ 
                { 
                    "type":"pointlight", 
                    "position":[0, 1.0, 0.5], 
                    "intensity":[0.5, 0.5, 0.5] 
                },
                { 
                    "type":"pointlight", 
                    "position":[0, 1.0, -0.5], 
                    "intensity":[0.5, 0.5, 0.5] 
                }
            ], 
            "shapes":[ 
                { 
                    "type":"sphere", 
                    "center": [0, -25.0, 0], 
                    "radius":25.1, 
                    "material":
                        { 
                            "ks":0.1, 
                            "kd":0.9, 
                            "specularexponent":10, 
                            "diffusecolor":[0.5, 1, 0.5],
                            "specularcolor":[1.0,1.0,1.0],
                            "isreflective":false,
                            "reflectivity":1.0,
                            "isrefractive":false,
                            "refractiveindex":1.0 
                        } 
                },
                {
                    "type": "cylinder",
                    "center": [-0.3, 0.19, 1],
                    "axis": [0, 1, 0],
                    "radius": 0.15,
                    "height": 0.2,
                    "material":
                        { 
                            "ks":0.1, 
                            "kd":0.9, 
                            "specularexponent":20, 
                            "diffusecolor":[0.5, 0.5, 0.8],
                            "specularcolor":[1.0,1.0,1.0],
                            "isreflective":false,
                            "reflectivity":1.0,
                            "isrefractive":false,
                            "refractiveindex":1.0 
                        } 
                },
                {
                    "type": "triangle",
                    "v0": [0, 0.0, 2.25],
                    "v1": [0.75, 0.0, 2],
                    "v2": [0, 0.75, 2.25],
                    "material":
                        { 
                            "ks":0.3, 
                            "kd":0.9, 
                            "specularexponent":2, 
                            "diffusecolor":[0.8, 0.5, 0.8],
                            "specularcolor":[1.0,1.0,1.0],
                            "isreflective":true,
                            "reflectivity":1.0,
                            "isrefractive":false,
                            "refractiveindex":1.0 
                        } 
                },
                {
                    "type": "triangle",
                    "v0": [0.75, 0.75, 2],
                    "v1": [0.75, 0.0, 2],
                    "v2": [0, 0.75, 2.25],
                    "material":
                        { 
                            "ks":0.3, 
                            "kd":0.9, 
                            "specularexponent":2, 
                            "diffusecolor":[0.8, 0.5, 0.8],
                            "specularcolor":[1.0,1.0,1.0],
                            "isreflective":true,
                            "reflectivity":1.0,
                            "isrefractive":false,
                            "refractiveindex":1.0 
                        } 
                },
                { 
                    "type":"sphere", 
                    "center": [-0.3, 0.59, 1],
                    "radius":0.2, 
                    "material":
                        { 
                            "ks":0.1, 
                            "kd":0.9, 
                            "specularexponent":20, 
                            "diffusecolor":[0.8, 0.5, 0.5],
                            "specularcolor":[1.0,1.0,1.0],
                            "isreflective":false,
                            "reflectivity":1.0,
                            "isrefractive":false,
                            "refractiveindex":1.0 
                        } 
                },
                { 
                    "type":"sphere", 
                    "center": [0.3, 0.29, 1],
                    "radius":0.2, 
                    "material":
                        { 
                            "ks":0.1, 
                            "kd":0.9, 
                            "specularexponent":20, 
                            "diffusecolor":[0.8, 0.5, 0.5],
                            "specularcolor":[1.0,1.0,1.0],
                            "isreflective":true,
                            "reflectivity":1.0,
                            "isrefractive":false,
                            "refractiveindex":1.0 
                        } 
                }  
            ] 
        } 
}