{
    "nbounces":8, 
    "rendermode":"phong",
    "camera":
        { 
            "type":"pinhole", 
            "width":1200, 
            "height":800,
            "position":[-1, 0.5, -1.5],
            "lookAt":[0.25, -0.05, 1.0],
            "upVector":[0.0, 1.0, 0.0],
            "fov":45.0,
            "exposure":0.1
        },
    "scene":
        { 
            "backgroundcolor": [0.25, 0.25, 0.25], 
            "lightsources":[ 
                { 
                    "type":"pointlight", 
                    "position":[0, 1.0, 0.5], 
                    "intensity":[0.75, 0.75, 0.75] 
                }
            ], 
            "shapes":[ 
                { 
                    "type":"sphere", 
                    "center": [-0.35, -0.2, 1],
                    "radius":0.3, 
                    "material":
                        { 
                            "ks":0.2, 
                            "kd":0.8, 
                            "specularexponent":10, 
                            "diffusecolor":[0.94, 0.87, 0.74],
                            "specularcolor":[0.9, 0.9, 0.9],
                            "texture": "texture4.jpeg",
                            "isreflective":false,
                            "reflectivity":0.1,
                            "isrefractive":false,
                            "refractiveindex":1.0 
                        },
                    "useBRDFsampling": true 
                },
                { 
                    "type":"sphere", 
                    "center": [-0.5, 0.35, 2],
                    "radius":0.1, 
                    "material":
                        { 
                            "ks":0.1, 
                            "kd":0.9, 
                            "specularexponent":20, 
                            "diffusecolor":[0.8, 0.5, 0.8],
                            "specularcolor":[1.0,1.0,1.0],
                            "isreflective":false,
                            "reflectivity":1.0,
                            "isrefractive":false,
                            "refractiveindex":1.0 
                        },
                    "useBRDFsampling": false 
                },
                {
                    "type": "cylinder",
                    "center": [0.3, -0.5, 1],
                    "axis": [0, 1, 0],
                    "radius": 0.25,
                    "height": 1,
                    "material":
                        { 
                            "ks":0.1, 
                            "kd":0.9, 
                            "specularexponent":20, 
                            "diffusecolor":[0.5, 0.5, 0.8],
                            "specularcolor":[1.0,1.0,1.0],
                            "isreflective":false,
                            "reflectivity":1.0,
                            "isrefractive":false,
                            "refractiveindex":1.0 
                        },
                    "useBRDFsampling": false 
                },
                { 
                    "type":"triangle", 
                    "v0": [ -1, -0.5, 2],
                    "v1": [ 1, -0.5, 2],
                    "v2": [ 1, -0.5, 0],
                    "material":
                        { 
                            "ks":0.1, 
                            "kd":0.9, 
                            "specularexponent":20, 
                            "diffusecolor":[0.5, 0.8, 0.5],
                            "specularcolor":[1.0,1.0,1.0],
                            "isreflective":false,
                            "reflectivity":1.0,
                            "isrefractive":false,
                            "refractiveindex":1.0 
                        },
                    "useBRDFsampling": false 
                },
                { 
                    "type":"triangle", 
                    "v0": [-1, -0.5, 0],
                    "v1": [-1, -0.5, 2],
                    "v2": [ 1, -0.5, 0],
                    "material":
                        { 
                            "ks":0.1, 
                            "kd":0.9, 
                            "specularexponent":20, 
                            "diffusecolor":[0.5, 0.8, 0.5],
                            "specularcolor":[1.0,1.0,1.0],
                            "isreflective":false,
                            "reflectivity":1.0,
                            "isrefractive":false,
                            "refractiveindex":1.0 
                        },
                    "useBRDFsampling": false 
                },
                { 
                    "type":"triangle", 
                    "v0": [ -1, -0.5, 2],
                    "v1": [ 1, 2.5, 2],
                    "v2": [ 1, -0.5, 2],
                    "material":
                        { 
                            "ks":0.1, 
                            "kd":0.9, 
                            "specularexponent":20, 
                            "diffusecolor":[0.5, 0.8, 0.5],
                            "specularcolor":[1.0,1.0,1.0],
                            "isreflective":true,
                            "reflectivity":1.0,
                            "isrefractive":false,
                            "refractiveindex":1.0 
                        },
                    "useBRDFsampling": false 
                },
                { 
                    "type":"triangle", 
                    "v0": [ -1, -0.5, 2],
                    "v1": [ -1, 2.5, 2],
                    "v2": [ 1, 2.5, 2],
                    "material":
                        { 
                            "ks":0.1, 
                            "kd":0.9, 
                            "specularexponent":20, 
                            "diffusecolor":[0.5, 0.8, 0.5],
                            "specularcolor":[1.0,1.0,1.0],
                            "isreflective":true,
                            "reflectivity":1.0,
                            "isrefractive":false,
                            "refractiveindex":1.0 
                        },
                    "useBRDFsampling": false 
                }  
            ] 
        } 
}
