{
    "nbounces": 12,
    "rendermode": "phong",
    "camera": {
        "type": "pinhole",
        "width": 1200,
        "height": 800,
        "position": [0, 0.5, -3],
        "lookAt": [0, 0.2, 0],
        "upVector": [0.0, 1.0, 0.0],
        "fov": 30.0,
        "exposure": 0.1
    },
    "scene": {
        "backgroundcolor": [0.1, 0.1, 0.1],
        "lightsources": [
            {
                "type": "pointlight",
                "position": [2, 3, -2],
                "intensity": [0.8, 0.8, 0.8]
            },
            {
                "type": "pointlight",
                "position": [-2, 2, -1],
                "intensity": [0.6, 0.6, 0.6]
            },
            {
                "type": "spotlight",
                "position": [0, 6, 0],
                "direction": [0, -1, 0],
                "angle": 30,
                "intensity": [0.5, 0.5, 0.8]
            }
        ],
        "shapes": [
            {
                "type": "sphere",
                "center": [0.5, 0, 1],
                "radius": 0.4,
                "material": {
                    "ks": 0.3,
                    "kd": 0.7,
                    "specularexponent": 50,
                    "diffusecolor": [0.2, 0.5, 0.8],
                    "specularcolor": [1.0, 1.0, 1.0],
                    "texture": "earth_texture.jpeg",
                    "isreflective": true,
                    "reflectivity": 0.5,
                    "isrefractive": false,
                    "refractiveindex": 1.0
                },
                "useBRDFsampling": false
            },
            {
                "type": "cylinder",
                "center": [-0.7, -0.5, 1.5],
                "axis": [0, 1, 0],
                "radius": 0.2,
                "height": 1.0,
                "material": {
                    "ks": 0.2,
                    "kd": 0.8,
                    "specularexponent": 30,
                    "diffusecolor":[0.5, 0.8, 0.5],
                    "specularcolor":[1.0,1.0,1.0],
                    "isreflective": true,
                    "reflectivity": 0.2,
                    "isrefractive": false,
                    "refractiveindex": 1.0
                },
                "useBRDFsampling": false
            },
            {
                "type": "cylinder",
                "center": [0.7, -0.5, 1.5],
                "axis": [0, 1, 0],
                "radius": 0.2,
                "height": 1.0,
                "material": {
                    "ks": 0.1,
                    "kd": 0.9,
                    "specularexponent": 20,
                    "diffusecolor":[0.5, 0.8, 0.5],
                    "specularcolor":[1.0,1.0,1.0],
                    "isreflective": true,
                    "reflectivity": 1.0,
                    "isrefractive": true,
                    "refractiveindex": 1.0
                },
                "useBRDFsampling": false
            },
            {
                "type": "triangle",
                "v0": [-1, -0.5, 2],
                "v1": [1, -0.5, 2],
                "v2": [1, -0.5, 0],
                "material": {
                    "ks": 0.2,
                    "kd": 0.8,
                    "specularexponent": 25,
                    "diffusecolor": [0.6, 0.8, 1.0],
                    "specularcolor": [0.5, 0.5, 0.5],
                    "texture":"marble_texture.jpeg",
                    "isreflective": true,
                    "reflectivity": 0.3,
                    "isrefractive": false,
                    "refractiveindex": 1.0
                },
                "useBRDFsampling": true
            },
            {
                "type": "triangle",
                "v0": [-1, -0.5, 0],
                "v1": [-1, -0.5, 2],
                "v2": [1, -0.5, 0],
                "material": {
                    "ks": 0.2,
                    "kd": 0.8,
                    "specularexponent": 25,
                    "diffusecolor": [0.6, 0.8, 1.0],
                    "specularcolor": [0.5, 0.5, 0.5],
                    "texture":"marble_texture.jpeg",
                    "isreflective": true,
                    "reflectivity": 0.3,
                    "isrefractive": false,
                    "refractiveindex": 1.0
                },
                "useBRDFsampling": true
            }
        ]
    }
}
