{
    "nbounces":8, 
    "rendermode":"phong",
    "camera":
        { 
            "type":"pinhole", 
            "width":1200, 
            "height":800,
            "position":[0.0, 1, -2],
            "lookAt":[0.0, -0.1, 1.0],
            "upVector":[0.0, 1.0, 0.0],
            "fov":45.0,
            "exposure":0.1
        },
    "scene":
        { 
            "backgroundcolor": [0.25, 0.25, 0.25], 
            "lightsources":[ 
                { 
                    "type":"pointlight", 
                    "position":[0, 1.0, 0.5], 
                    "intensity":[1.2, 1.2, 1.2] 
                }
            ], 
            "shapes":[ 
                { 
                    "type":"sphere", 
                    "center": [-0.35, -0.2, 1],
                    "radius":0.3, 
                    "material":
                        { 
                            "ks":0.1, 
                            "kd":0.9, 
                            "specularexponent":20, 
                            "diffusecolor":[0.8, 0.5, 0.5],
                            "specularcolor":[1.0,1.0,1.0],
                            "texture": "texture1.jpeg",
                            "isreflective":false,
                            "reflectivity":1.0,
                            "isrefractive":false,
                            "refractiveindex":1.0 
                        } 
                },
                {
                    "type": "cylinder",
                    "center": [0.3, -0.5, 1],
                    "axis": [0, 1, 0],
                    "radius": 0.25,
                    "height": 1,
                    "material":
                        { 
                            "ks":0.1, 
                            "kd":0.9, 
                            "specularexponent":20, 
                            "diffusecolor":[1.0, 1.0, 0.8],
                            "specularcolor":[1.0,1.0,1.0],
                            "texture": "texture2.jpeg",
                            "isreflective":false,
                            "reflectivity":1.0,
                            "isrefractive":false,
                            "refractiveindex":1.0 
                        } 
                },
                { 
                    "type":"triangle", 
                    "v0": [ -1, -0.5, 2],
                    "v1": [ 1, -0.5, 2],
                    "v2": [ 1, -0.5, 0],
                    "material":
                        { 
                            "ks":0.1, 
                            "kd":0.9, 
                            "specularexponent":20, 
                            "diffusecolor":[0.5, 0.7, 0.9],
                            "specularcolor":[1.0,1.0,1.0],
                            "texture": "texture3.jpeg",
                            "isreflective":false,
                            "reflectivity":1.0,
                            "isrefractive":false,
                            "refractiveindex":1.0 
                        } 
                },
                { 
                    "type":"triangle", 
                    "v0": [-1, -0.5, 0],
                    "v1": [-1, -0.5, 2],
                    "v2": [ 1, -0.5, 0],
                    "material":
                        { 
                            "ks":0.1, 
                            "kd":0.9, 
                            "specularexponent":20, 
                            "diffusecolor":[0.5, 0.7, 0.9],
                            "specularcolor":[1.0,1.0,1.0],
                            "texture": "texture3.jpeg",
                            "isreflective":false,
                            "reflectivity":1.0,
                            "isrefractive":false,
                            "refractiveindex":1.0 
                        } 
                }  
            ] 
        } 
}
